-- --------------------------------------------------------
-- Host:                         127.0.0.1
-- Server version:               5.5.24-log - MySQL Community Server (GPL)
-- Server OS:                    Win64
-- HeidiSQL version:             7.0.0.4053
-- Date/time:                    2012-08-03 12:10:36
-- --------------------------------------------------------

/*!40101 SET @OLD_CHARACTER_SET_CLIENT=@@CHARACTER_SET_CLIENT */;
/*!40101 SET NAMES utf8 */;
/*!40014 SET FOREIGN_KEY_CHECKS=0 */;

-- Dumping structure for table onevisio_system_tienda.carritos
DROP TABLE IF EXISTS `carritos`;
CREATE TABLE IF NOT EXISTS `carritos` (
  `id` int(10) NOT NULL AUTO_INCREMENT,
  `user_id` int(10) DEFAULT NULL,
  `direccion_id` int(10) DEFAULT NULL,
  `total_price` int(10) DEFAULT NULL,
  `created` datetime DEFAULT NULL,
  `status` int(10) DEFAULT NULL,
  PRIMARY KEY (`id`)
) ENGINE=InnoDB AUTO_INCREMENT=2 DEFAULT CHARSET=utf8;

-- Dumping data for table onevisio_system_tienda.carritos: ~1 rows (approximately)
/*!40000 ALTER TABLE `carritos` DISABLE KEYS */;
INSERT INTO `carritos` (`id`, `user_id`, `direccion_id`, `total_price`, `created`, `status`) VALUES
	(1, NULL, NULL, 0, '2012-08-03 10:16:17', 0);
/*!40000 ALTER TABLE `carritos` ENABLE KEYS */;


-- Dumping structure for table onevisio_system_tienda.detalleproductos
DROP TABLE IF EXISTS `detalleproductos`;
CREATE TABLE IF NOT EXISTS `detalleproductos` (
  `id` int(10) NOT NULL AUTO_INCREMENT,
  `carrito_id` int(10) DEFAULT NULL,
  `producto_id` int(10) DEFAULT NULL,
  `direccion_id` int(10) DEFAULT NULL,
  `codigo_referencia` varchar(100) DEFAULT NULL,
  `codigo_cupon` varchar(100) DEFAULT NULL,
  `codigo_validacion` varchar(100) DEFAULT NULL,
  `is_gift` int(10) DEFAULT NULL,
  `monto` int(10) DEFAULT NULL,
  `added` datetime DEFAULT NULL,
  `status` int(10) DEFAULT NULL,
  PRIMARY KEY (`id`)
) ENGINE=InnoDB AUTO_INCREMENT=6 DEFAULT CHARSET=utf8;

-- Dumping data for table onevisio_system_tienda.detalleproductos: ~5 rows (approximately)
/*!40000 ALTER TABLE `detalleproductos` DISABLE KEYS */;
INSERT INTO `detalleproductos` (`id`, `carrito_id`, `producto_id`, `direccion_id`, `codigo_referencia`, `codigo_cupon`, `codigo_validacion`, `is_gift`, `monto`, `added`, `status`) VALUES
	(1, 1, 2, NULL, '501beb41c1ebd', '501beb41c1ee1', '501beb41c1f03', 0, 61, '2012-08-03 10:16:17', 1),
	(2, 1, 2, NULL, '501beb710560f', '501beb7105623', '501beb7105635', 0, 61, '2012-08-03 10:17:05', 1),
	(5, 1, 1, NULL, '501c00f4d6e0e', '501c00f4d6e20', '501c00f4d6e31', 0, 70, '2012-08-03 11:48:52', 1);
/*!40000 ALTER TABLE `detalleproductos` ENABLE KEYS */;


-- Dumping structure for table onevisio_system_tienda.direcciones
DROP TABLE IF EXISTS `direcciones`;
CREATE TABLE IF NOT EXISTS `direcciones` (
  `id` int(10) NOT NULL AUTO_INCREMENT,
  `user_id` int(10) DEFAULT NULL,
  `carrito_id` int(10) DEFAULT NULL,
  `direccion` varchar(300) DEFAULT NULL,
  `provincia` varchar(150) DEFAULT NULL,
  `pais_id` int(10) DEFAULT NULL,
  PRIMARY KEY (`id`)
) ENGINE=InnoDB AUTO_INCREMENT=10 DEFAULT CHARSET=utf8;

-- Dumping data for table onevisio_system_tienda.direcciones: ~9 rows (approximately)
/*!40000 ALTER TABLE `direcciones` DISABLE KEYS */;
INSERT INTO `direcciones` (`id`, `user_id`, `carrito_id`, `direccion`, `provincia`, `pais_id`) VALUES
	(1, -2, NULL, 'direccion 0001', 'provincia 0001', -1),
	(2, -2, NULL, 'direccion 0002', 'provincia 0003', -1),
	(3, -2, NULL, 'direccion 0003', 'provincia 0004', -1),
	(4, -2, NULL, 'direccion 0004', 'provincia 0005', -1),
	(5, -2, NULL, 'direccion 0004', 'provincia 0005', -1),
	(6, -2, NULL, 'direccion 0004', 'provincia 0005', -1),
	(7, -2, NULL, 'direccion 0004', 'provincia 0005', -1),
	(8, -2, 5, 'direccion pedido 0004', 'provincia pedido 0005', -1),
	(9, -2, 5, 'direccion pedido 0001', 'provincia pedido 0001', -1);
/*!40000 ALTER TABLE `direcciones` ENABLE KEYS */;


-- Dumping structure for table onevisio_system_tienda.files
DROP TABLE IF EXISTS `files`;
CREATE TABLE IF NOT EXISTS `files` (
  `id` int(10) NOT NULL AUTO_INCREMENT,
  `filetype_id` int(10) DEFAULT NULL,
  `user_id` int(10) DEFAULT NULL,
  `name` varchar(50) DEFAULT NULL,
  `description` tinytext,
  `url_path` varchar(350) DEFAULT NULL,
  `created` datetime DEFAULT NULL,
  `status` smallint(1) DEFAULT NULL,
  PRIMARY KEY (`id`),
  KEY `user_id` (`filetype_id`,`user_id`),
  CONSTRAINT `FK_files_file_types` FOREIGN KEY (`filetype_id`) REFERENCES `filetypes` (`id`) ON DELETE CASCADE ON UPDATE CASCADE
) ENGINE=InnoDB AUTO_INCREMENT=27 DEFAULT CHARSET=utf8;

-- Dumping data for table onevisio_system_tienda.files: ~18 rows (approximately)
/*!40000 ALTER TABLE `files` DISABLE KEYS */;
INSERT INTO `files` (`id`, `filetype_id`, `user_id`, `name`, `description`, `url_path`, `created`, `status`) VALUES
	(1, 1, 1, 'Cabeza', '', 'user_files/2012/05/4fc63432cc48d_1_4e6b9a9fd8285.png', NULL, 1),
	(2, 1, 1, 'Cabeza2', '', 'user_files/2012/05/4fc6343aae1c4_1_4e6b987dcba48.png', NULL, 1),
	(3, 1, 1, 'Cabeza3', '', 'user_files/2012/05/4fc63444058bb_1_4e6b9886321b9.png', NULL, 1),
	(11, 1, NULL, 'Novell', NULL, 'user_files/2012/07/50047d394c892_cabecera_backoffice.jpg', '2012-07-16 03:44:41', 1),
	(12, 1, NULL, 'nuevoo', NULL, 'user_files/2012/07/50047d92a0d6c_divercity_captura.JPG', '2012-07-16 03:46:10', 1),
	(13, 1, NULL, 'nuevoo', NULL, 'user_files/2012/07/50047d9aea51e_cabecera_backoffice.jpg', '2012-07-16 03:46:18', 1),
	(14, 1, NULL, 'nuevoo', NULL, 'user_files/2012/07/50047e0b71d4e_cabecera_backoffice.jpg', '2012-07-16 03:48:11', 1),
	(15, 1, NULL, 'nuevoossss', NULL, 'user_files/2012/07/50047e11b25fd_cabecera_backoffice.jpg', '2012-07-16 03:48:17', 1),
	(16, 1, NULL, 'nuevoossss', NULL, 'user_files/2012/07/50047e2307b41_cabecera_backoffice.jpg', '2012-07-16 03:48:35', 1),
	(18, 6, NULL, 'asdfa', NULL, 'user_files/sounds/2012/07/50049426396a7_Avatar.jpg', '2012-07-16 05:22:30', 1),
	(19, 6, NULL, 'asdfa', NULL, 'user_files/sounds/2012/07/5004944891f16_Avatar.jpg', '2012-07-16 05:23:04', 1),
	(20, 6, NULL, 'adsf', NULL, 'user_files/sounds/2012/07/5004964a567da_10 - Proyecto Ser.mp3', '2012-07-16 05:31:38', 1),
	(21, 6, NULL, 'asdfa', NULL, 'user_files/sounds/2012/07/5005d799b72e4_4fff65ba31983_fondo2.jpg', '2012-07-17 04:22:33', 1),
	(22, 6, NULL, 'asdfasdfa', NULL, 'user_files/sounds/2012/07/5005d7a829c53_4fff0ba0d4826_Chrysanthemum.jpg', '2012-07-17 04:22:48', 1),
	(23, 6, NULL, 'asdfasdfaasdf', NULL, 'user_files/sounds/2012/07/5005d7d131640_4fff0ba0d4826_Chrysanthemum.jpg', '2012-07-17 04:23:29', 1),
	(24, 6, NULL, 'asdfa', NULL, 'user_files/sounds/2012/07/500d8bdfe2d2c_theSimpsons.mp3', '2012-07-23 12:37:35', 1),
	(25, 5, 1, 'Fondos', NULL, 'user_files/2012/07/500f749951f00_Avatar.jpg', '2012-07-24 11:22:49', 1),
	(26, 1, NULL, '150', NULL, 'user_files/2012/07/500f77a8613d0_Avatar.jpg', '2012-07-24 11:35:52', 1);
/*!40000 ALTER TABLE `files` ENABLE KEYS */;


-- Dumping structure for table onevisio_system_tienda.filetypes
DROP TABLE IF EXISTS `filetypes`;
CREATE TABLE IF NOT EXISTS `filetypes` (
  `id` int(10) NOT NULL AUTO_INCREMENT,
  `name` varchar(50) DEFAULT NULL,
  `code` varchar(50) DEFAULT NULL,
  `description` tinytext,
  `status` int(1) DEFAULT NULL,
  PRIMARY KEY (`id`)
) ENGINE=InnoDB AUTO_INCREMENT=7 DEFAULT CHARSET=utf8;

-- Dumping data for table onevisio_system_tienda.filetypes: ~6 rows (approximately)
/*!40000 ALTER TABLE `filetypes` DISABLE KEYS */;
INSERT INTO `filetypes` (`id`, `name`, `code`, `description`, `status`) VALUES
	(1, 'Imagen', 'IMAGE', 'Imagenes generadas cargadas por el usuario', 1),
	(2, 'Video', 'VIDEO', 'Videos cargados o generados por el usuario', 1),
	(3, 'Sonido', 'SOUND', 'Sonidos o música cargada por el usuario', 1),
	(4, 'Documentos', 'DOCUMENTS', 'Documentos cargados por el usuario', 1),
	(5, 'Fondos', 'IMAGE', 'Fondo/background para el juego', 1),
	(6, 'Canciones', 'SOUND', 'Canciones', 1);
/*!40000 ALTER TABLE `filetypes` ENABLE KEYS */;


-- Dumping structure for table onevisio_system_tienda.lineas
DROP TABLE IF EXISTS `lineas`;
CREATE TABLE IF NOT EXISTS `lineas` (
  `id` int(10) NOT NULL AUTO_INCREMENT,
  `name` varchar(200) DEFAULT NULL,
  `url_path` varchar(200) DEFAULT NULL,
  `created` datetime DEFAULT NULL,
  `status` int(10) DEFAULT NULL,
  PRIMARY KEY (`id`)
) ENGINE=InnoDB DEFAULT CHARSET=utf8;

-- Dumping data for table onevisio_system_tienda.lineas: ~0 rows (approximately)
/*!40000 ALTER TABLE `lineas` DISABLE KEYS */;
/*!40000 ALTER TABLE `lineas` ENABLE KEYS */;


-- Dumping structure for table onevisio_system_tienda.mails
DROP TABLE IF EXISTS `mails`;
CREATE TABLE IF NOT EXISTS `mails` (
  `id` int(10) NOT NULL AUTO_INCREMENT,
  `from` varchar(250) DEFAULT NULL,
  `from_name` varchar(250) DEFAULT NULL,
  `to` varchar(250) DEFAULT NULL,
  `body` text,
  `subject` varchar(300) DEFAULT NULL,
  `date_send` datetime DEFAULT NULL,
  `status` smallint(1) DEFAULT NULL,
  PRIMARY KEY (`id`)
) ENGINE=MyISAM AUTO_INCREMENT=5 DEFAULT CHARSET=utf8 COMMENT='Almacena correo a enviar, limpiar antiguos o enviados';

-- Dumping data for table onevisio_system_tienda.mails: 4 rows
/*!40000 ALTER TABLE `mails` DISABLE KEYS */;
INSERT INTO `mails` (`id`, `from`, `from_name`, `to`, `body`, `subject`, `date_send`, `status`) VALUES
	(1, 'eduardo@qd.pe', 'Gerson', 'gerson@qd.pe', 'Contenido', 'Mensaje de prueba', '2012-06-05 09:56:27', 1),
	(2, 'eduardo@qd.pe', 'Gerson', 'gerson@qd.pe', 'Contenido', 'Mensaje de prueba', '2012-06-05 09:56:27', 1),
	(3, 'eduardo@qd.pe', 'Gerson', 'gerson@qd.pe', 'Contenido', 'Mensaje de prueba', '2012-06-05 09:56:27', 1),
	(4, 'eduardo@qd.pe', 'Gerson', 'gerson@qd.pe', 'Contenido', 'Mensaje de prueba', '2012-06-05 09:56:27', 1);
/*!40000 ALTER TABLE `mails` ENABLE KEYS */;


-- Dumping structure for table onevisio_system_tienda.person
DROP TABLE IF EXISTS `person`;
CREATE TABLE IF NOT EXISTS `person` (
  `id` int(10) NOT NULL AUTO_INCREMENT,
  `user_id` int(10) DEFAULT NULL,
  `name` varchar(200) DEFAULT NULL,
  `lastname` varchar(200) DEFAULT NULL,
  `email` varchar(250) DEFAULT NULL,
  `address` varchar(250) DEFAULT NULL,
  `phone` int(10) DEFAULT NULL,
  `created` int(10) DEFAULT NULL,
  `status` int(1) DEFAULT NULL,
  PRIMARY KEY (`id`)
) ENGINE=MyISAM DEFAULT CHARSET=utf8;

-- Dumping data for table onevisio_system_tienda.person: 0 rows
/*!40000 ALTER TABLE `person` DISABLE KEYS */;
/*!40000 ALTER TABLE `person` ENABLE KEYS */;


-- Dumping structure for table onevisio_system_tienda.productos
DROP TABLE IF EXISTS `productos`;
CREATE TABLE IF NOT EXISTS `productos` (
  `id` int(10) NOT NULL AUTO_INCREMENT,
  `user_id` int(10) DEFAULT NULL,
  `tienda_id` int(10) DEFAULT NULL,
  `comercio_nombre` varchar(250) NOT NULL,
  `comercio_direccion` varchar(250) NOT NULL,
  `comercio_descripcion` varchar(250) NOT NULL,
  `oferta_titulo` varchar(250) NOT NULL,
  `oferta_tipo` varchar(250) NOT NULL,
  `oferta_que_incluye` text NOT NULL,
  `oferta_destacamos` text NOT NULL,
  `oferta_ubicacion` varchar(600) NOT NULL,
  `oferta_descripcion` text NOT NULL,
  `oferta_condiciones` text NOT NULL,
  `oferta_detalles` text NOT NULL,
  `oferta_comision_ovl` float NOT NULL,
  `oferta_descuento` float NOT NULL,
  `oferta_precio_venta` float NOT NULL,
  `oferta_duracion` datetime NOT NULL,
  `file_id` int(11) NOT NULL,
  `tiempo_validez` datetime DEFAULT NULL,
  `created` datetime NOT NULL,
  `status` text,
  PRIMARY KEY (`id`)
) ENGINE=InnoDB AUTO_INCREMENT=3 DEFAULT CHARSET=utf8;

-- Dumping data for table onevisio_system_tienda.productos: ~2 rows (approximately)
/*!40000 ALTER TABLE `productos` DISABLE KEYS */;
INSERT INTO `productos` (`id`, `user_id`, `tienda_id`, `comercio_nombre`, `comercio_direccion`, `comercio_descripcion`, `oferta_titulo`, `oferta_tipo`, `oferta_que_incluye`, `oferta_destacamos`, `oferta_ubicacion`, `oferta_descripcion`, `oferta_condiciones`, `oferta_detalles`, `oferta_comision_ovl`, `oferta_descuento`, `oferta_precio_venta`, `oferta_duracion`, `file_id`, `tiempo_validez`, `created`, `status`) VALUES
	(1, 1, 1, 'comercio', 'dirección comercio', 'comercio descripcion', 'TItulo de la oferta', 'producto', 'Incluye todo', 'Desctacamos', 'http://maps.google.com', 'Descripcion de la oferta', 'Condiciones', 'dDetalles de oferta', -1, 10, 80, '0000-00-00 00:00:00', 1, '2012-07-30 13:47:25', '2012-07-30 10:47:09', '1'),
	(2, 1, 1, 'comercio 002', 'dirección comercio 002', 'comercio descripcion 002', 'TItulo de la oferta 002', 'producto', 'Incluye todo', 'Desctacamos', 'http://google.com', 'Descripcion de la oferta', 'Condiciones', 'Detalles de oferta', 0, 9, 70, '0000-00-00 00:00:00', 0, '2012-07-30 17:42:32', '2012-07-30 17:42:48', NULL);
/*!40000 ALTER TABLE `productos` ENABLE KEYS */;


-- Dumping structure for table onevisio_system_tienda.productos_files
DROP TABLE IF EXISTS `productos_files`;
CREATE TABLE IF NOT EXISTS `productos_files` (
  `producto_id` int(10) NOT NULL AUTO_INCREMENT,
  `file_id` int(10) DEFAULT NULL,
  PRIMARY KEY (`producto_id`)
) ENGINE=InnoDB DEFAULT CHARSET=utf8;

-- Dumping data for table onevisio_system_tienda.productos_files: ~0 rows (approximately)
/*!40000 ALTER TABLE `productos_files` DISABLE KEYS */;
/*!40000 ALTER TABLE `productos_files` ENABLE KEYS */;


-- Dumping structure for table onevisio_system_tienda.rankings
DROP TABLE IF EXISTS `rankings`;
CREATE TABLE IF NOT EXISTS `rankings` (
  `id` int(11) NOT NULL AUTO_INCREMENT,
  `file_id` int(11) NOT NULL,
  `name` varchar(150) DEFAULT NULL,
  `description` varchar(400) DEFAULT NULL,
  `min` int(10) DEFAULT NULL,
  `max` int(10) DEFAULT NULL,
  `created` datetime DEFAULT NULL,
  `status` smallint(1) DEFAULT NULL,
  PRIMARY KEY (`id`),
  KEY `user_id` (`file_id`),
  CONSTRAINT `FK_ranking` FOREIGN KEY (`file_id`) REFERENCES `files` (`id`) ON DELETE CASCADE ON UPDATE CASCADE
) ENGINE=InnoDB DEFAULT CHARSET=utf8 ROW_FORMAT=COMPACT;

-- Dumping data for table onevisio_system_tienda.rankings: ~0 rows (approximately)
/*!40000 ALTER TABLE `rankings` DISABLE KEYS */;
/*!40000 ALTER TABLE `rankings` ENABLE KEYS */;


-- Dumping structure for table onevisio_system_tienda.roles
DROP TABLE IF EXISTS `roles`;
CREATE TABLE IF NOT EXISTS `roles` (
  `id` int(11) unsigned NOT NULL AUTO_INCREMENT,
  `name` varchar(32) NOT NULL,
  `description` varchar(255) NOT NULL,
  PRIMARY KEY (`id`),
  UNIQUE KEY `uniq_name` (`name`)
) ENGINE=InnoDB AUTO_INCREMENT=4 DEFAULT CHARSET=utf8;

-- Dumping data for table onevisio_system_tienda.roles: ~3 rows (approximately)
/*!40000 ALTER TABLE `roles` DISABLE KEYS */;
INSERT INTO `roles` (`id`, `name`, `description`) VALUES
	(1, 'login', 'Login privileges, granted after account confirmation'),
	(2, 'admin', 'Administrative user, has access to everything.'),
	(3, 'api_client', 'Remote App Client');
/*!40000 ALTER TABLE `roles` ENABLE KEYS */;


-- Dumping structure for table onevisio_system_tienda.roles_rules
DROP TABLE IF EXISTS `roles_rules`;
CREATE TABLE IF NOT EXISTS `roles_rules` (
  `rol_id` int(10) NOT NULL AUTO_INCREMENT,
  `rule_id` int(10) NOT NULL,
  PRIMARY KEY (`rol_id`,`rule_id`),
  KEY `FK_roles_rules_rules` (`rule_id`),
  CONSTRAINT `FK_roles_rules_rules` FOREIGN KEY (`rule_id`) REFERENCES `rules` (`id`)
) ENGINE=InnoDB DEFAULT CHARSET=utf8;

-- Dumping data for table onevisio_system_tienda.roles_rules: ~0 rows (approximately)
/*!40000 ALTER TABLE `roles_rules` DISABLE KEYS */;
/*!40000 ALTER TABLE `roles_rules` ENABLE KEYS */;


-- Dumping structure for table onevisio_system_tienda.roles_users
DROP TABLE IF EXISTS `roles_users`;
CREATE TABLE IF NOT EXISTS `roles_users` (
  `user_id` int(10) unsigned NOT NULL,
  `role_id` int(10) unsigned NOT NULL,
  PRIMARY KEY (`user_id`,`role_id`),
  KEY `fk_role_id` (`role_id`),
  CONSTRAINT `roles_users_ibfk_1` FOREIGN KEY (`user_id`) REFERENCES `users` (`id`) ON DELETE CASCADE,
  CONSTRAINT `roles_users_ibfk_2` FOREIGN KEY (`role_id`) REFERENCES `roles` (`id`) ON DELETE CASCADE
) ENGINE=InnoDB DEFAULT CHARSET=utf8;

-- Dumping data for table onevisio_system_tienda.roles_users: ~2 rows (approximately)
/*!40000 ALTER TABLE `roles_users` DISABLE KEYS */;
INSERT INTO `roles_users` (`user_id`, `role_id`) VALUES
	(1, 1),
	(1, 2);
/*!40000 ALTER TABLE `roles_users` ENABLE KEYS */;


-- Dumping structure for table onevisio_system_tienda.rules
DROP TABLE IF EXISTS `rules`;
CREATE TABLE IF NOT EXISTS `rules` (
  `id` int(10) NOT NULL AUTO_INCREMENT,
  `code` varchar(150) DEFAULT NULL,
  `description` varchar(500) DEFAULT NULL,
  PRIMARY KEY (`id`)
) ENGINE=InnoDB AUTO_INCREMENT=10 DEFAULT CHARSET=utf8;

-- Dumping data for table onevisio_system_tienda.rules: ~9 rows (approximately)
/*!40000 ALTER TABLE `rules` DISABLE KEYS */;
INSERT INTO `rules` (`id`, `code`, `description`) VALUES
	(1, 'ADD_USER', 'Permite agregar un usuario desde el administrador'),
	(2, 'EDIT_USER', 'Permite editar los usuario desde un aministrador'),
	(3, 'DELETE_USER', 'Permite eliminar los usuario desde un aministrador'),
	(4, 'ADD_ROLES', 'Permite agregar roles desde el administrador'),
	(5, 'EDIT_ROLES', 'Permite editar roles'),
	(6, 'DELETE_ROLES', 'Permite eliminar roles'),
	(7, 'ASIGN_ROLES_TO_USER', 'Asignar roles a usuarios'),
	(8, 'ASIGN_RULES_TO_ROLES', 'Asignar reglas a roles'),
	(9, 'ACCESS_ADMIN', 'Ingresar a admin');
/*!40000 ALTER TABLE `rules` ENABLE KEYS */;


-- Dumping structure for table onevisio_system_tienda.sections
DROP TABLE IF EXISTS `sections`;
CREATE TABLE IF NOT EXISTS `sections` (
  `id` int(10) NOT NULL AUTO_INCREMENT,
  `name` varchar(50) DEFAULT NULL,
  `description` varchar(300) DEFAULT NULL,
  `code` varchar(50) DEFAULT NULL,
  `status` int(1) DEFAULT NULL,
  PRIMARY KEY (`id`)
) ENGINE=MyISAM DEFAULT CHARSET=utf8;

-- Dumping data for table onevisio_system_tienda.sections: 0 rows
/*!40000 ALTER TABLE `sections` DISABLE KEYS */;
/*!40000 ALTER TABLE `sections` ENABLE KEYS */;


-- Dumping structure for table onevisio_system_tienda.tiendas
DROP TABLE IF EXISTS `tiendas`;
CREATE TABLE IF NOT EXISTS `tiendas` (
  `id` int(10) NOT NULL AUTO_INCREMENT,
  `linea_id` int(10) DEFAULT NULL,
  `code` int(10) DEFAULT NULL,
  `name` varchar(250) DEFAULT NULL,
  `description` text,
  `order` int(10) DEFAULT NULL,
  `comision_ovl` float DEFAULT NULL,
  `created` datetime DEFAULT NULL,
  `status` int(10) DEFAULT NULL,
  PRIMARY KEY (`id`)
) ENGINE=InnoDB DEFAULT CHARSET=utf8;

-- Dumping data for table onevisio_system_tienda.tiendas: ~0 rows (approximately)
/*!40000 ALTER TABLE `tiendas` DISABLE KEYS */;
/*!40000 ALTER TABLE `tiendas` ENABLE KEYS */;


-- Dumping structure for table onevisio_system_tienda.users
DROP TABLE IF EXISTS `users`;
CREATE TABLE IF NOT EXISTS `users` (
  `id` int(11) unsigned NOT NULL AUTO_INCREMENT,
  `email` varchar(127) NOT NULL,
  `username` varchar(32) NOT NULL DEFAULT '',
  `name` varchar(32) DEFAULT '',
  `last_name` varchar(60) DEFAULT '',
  `distrito` varchar(50) DEFAULT '',
  `puntaje` int(10) DEFAULT NULL,
  `sexo` varchar(20) DEFAULT '',
  `telefono` varchar(32) DEFAULT '',
  `fecha_nacimiento` datetime DEFAULT NULL,
  `dni` int(8) DEFAULT NULL,
  `password` char(64) NOT NULL,
  `logins` int(10) unsigned NOT NULL DEFAULT '0',
  `last_login` int(10) unsigned DEFAULT NULL,
  `reset_token` char(64) NOT NULL DEFAULT '',
  `status` varchar(20) NOT NULL DEFAULT '',
  `facebook_user_id` bigint(20) NOT NULL,
  `last_failed_login` datetime NOT NULL,
  `failed_login_count` int(11) NOT NULL DEFAULT '0',
  `created` datetime NOT NULL,
  `modified` datetime NOT NULL,
  PRIMARY KEY (`id`),
  UNIQUE KEY `uniq_username` (`username`),
  UNIQUE KEY `uniq_email` (`email`)
) ENGINE=InnoDB AUTO_INCREMENT=2 DEFAULT CHARSET=utf8;

-- Dumping data for table onevisio_system_tienda.users: ~1 rows (approximately)
/*!40000 ALTER TABLE `users` DISABLE KEYS */;
INSERT INTO `users` (`id`, `email`, `username`, `name`, `last_name`, `distrito`, `puntaje`, `sexo`, `telefono`, `fecha_nacimiento`, `dni`, `password`, `logins`, `last_login`, `reset_token`, `status`, `facebook_user_id`, `last_failed_login`, `failed_login_count`, `created`, `modified`) VALUES
	(1, 'gerson@qd.pe', 'admin', '', '', '', NULL, '', '', NULL, NULL, 'f2a233d912774ab8aa3ff5faac501d27f40374ce74e8b127eb432015c72056d3', 28, 1343658617, '', '', 0, '2012-07-12 13:04:34', 0, '2012-05-23 12:32:55', '2012-07-30 09:30:17');
/*!40000 ALTER TABLE `users` ENABLE KEYS */;


-- Dumping structure for table onevisio_system_tienda.user_identities
DROP TABLE IF EXISTS `user_identities`;
CREATE TABLE IF NOT EXISTS `user_identities` (
  `id` int(11) NOT NULL AUTO_INCREMENT,
  `user_id` int(11) NOT NULL,
  `provider` varchar(255) NOT NULL,
  `identity` varchar(255) NOT NULL,
  PRIMARY KEY (`id`)
) ENGINE=InnoDB DEFAULT CHARSET=latin1;

-- Dumping data for table onevisio_system_tienda.user_identities: ~0 rows (approximately)
/*!40000 ALTER TABLE `user_identities` DISABLE KEYS */;
/*!40000 ALTER TABLE `user_identities` ENABLE KEYS */;


-- Dumping structure for table onevisio_system_tienda.user_tokens
DROP TABLE IF EXISTS `user_tokens`;
CREATE TABLE IF NOT EXISTS `user_tokens` (
  `id` int(11) unsigned NOT NULL AUTO_INCREMENT,
  `user_id` int(11) unsigned NOT NULL,
  `user_agent` varchar(40) NOT NULL,
  `token` varchar(40) NOT NULL,
  `created` int(10) unsigned NOT NULL,
  `expires` int(10) unsigned NOT NULL,
  PRIMARY KEY (`id`),
  UNIQUE KEY `uniq_token` (`token`),
  KEY `fk_user_id` (`user_id`),
  CONSTRAINT `user_tokens_ibfk_1` FOREIGN KEY (`user_id`) REFERENCES `users` (`id`) ON DELETE CASCADE
) ENGINE=InnoDB DEFAULT CHARSET=utf8;

-- Dumping data for table onevisio_system_tienda.user_tokens: ~0 rows (approximately)
/*!40000 ALTER TABLE `user_tokens` DISABLE KEYS */;
/*!40000 ALTER TABLE `user_tokens` ENABLE KEYS */;
/*!40014 SET FOREIGN_KEY_CHECKS=1 */;
/*!40101 SET CHARACTER_SET_CLIENT=@OLD_CHARACTER_SET_CLIENT */;
